Team,Wins,Losses,GP,Win_Pct,PF,PA,Avg_Margin,School_Slug,Conference,Opp_Win_Pct,Opp_Opp_Win_Pct,SOS
St. Joseph (Met.),29,2,31,0.9355,2150,1409,23.903,metuchen-st-joseph-met,GMC,0.5823,0.561,0.5752
St. Peter's Prep,28,4,32,0.875,2027,1282,23.281,jersey-city-st-peters-prep,HCIAL,0.6301,0.5845,0.6149
Shabazz,29,1,30,0.9667,2124,1426,23.267,newark-shabazz,SEC,0.5534,0.5329,0.5466
Thrive Charter,22,6,28,0.7857,1753,1168,20.893,hamilton-thrive-charter,BCSL,0.5939,0.5398,0.5758
Bergen Catholic,29,3,32,0.9062,2336,1680,20.5,oradell-bergen-catholic,Big North,0.6513,0.6009,0.6345
Cherry Hill East,25,4,29,0.8621,1928,1406,18.0,cherry-hill-cherry-hill-east,Olympic,0.5379,0.5435,0.5398
Gill St. Bernard's,28,2,30,0.9333,2101,1564,17.9,gladstone-gill-st-bernards,Skyland,0.6159,0.5927,0.6082
Holy Cross Prep,27,5,32,0.8438,1887,1316,17.844,delran-holy-cross-prep,BCSL,0.5457,0.5384,0.5433
Montgomery,26,5,31,0.8387,1984,1433,17.774,skillman-montgomery,Skyland,0.5547,0.5731,0.5608
Christian Brothers,24,4,28,0.8571,1893,1415,17.071,lincroft-christian-brothers,Shore,0.6606,0.5959,0.639
Plainfield,26,5,31,0.8387,2161,1652,16.419,plainfield-plainfield,UCC,0.5691,0.5883,0.5755
Cresskill,24,5,29,0.8276,1811,1336,16.379,cresskill-cresskill,NJIC,0.4864,0.5013,0.4914
Doane Academy,24,4,28,0.8571,1873,1429,15.857,burlington-doane-academy,BCSL,0.4664,0.4976,0.4768
Millburn,23,5,28,0.8214,1945,1502,15.821,millburn-millburn,SEC,0.4795,0.5392,0.4994
Haddonfield,25,5,30,0.8333,1706,1251,15.167,haddonfield-haddonfield,Colonial,0.5497,0.5308,0.5434
St. Mary (Ruth.),25,5,30,0.8333,2067,1624,14.767,rutherford-st-mary-ruth,NJIC,0.5833,0.5711,0.5792
Henry Hudson,18,9,27,0.6667,1740,1342,14.741,highlands-henry-hudson,Shore,0.4667,0.4907,0.4747
Parsippany,17,7,24,0.7083,1417,1065,14.667,parsippany-parsippany,NJAC,0.4304,0.4892,0.45
Emerson Boro,21,7,28,0.75,1617,1211,14.5,emerson-emerson-boro,NJIC,0.4731,0.4802,0.4755
Paul VI,25,5,30,0.8333,2032,1602,14.333,haddonfield-paul-vi,Olympic,0.6404,0.579,0.62
Chatham,24,6,30,0.8,1925,1512,13.767,chatham-chatham,NJAC,0.5436,0.556,0.5477
Morris Catholic,22,6,28,0.7857,2038,1655,13.679,denville-morris-catholic,NJAC,0.6216,0.5721,0.6051
Seton Hall Prep,20,7,27,0.7407,1766,1400,13.556,west-orange-seton-hall-prep,SEC,0.6385,0.5915,0.6228
Arts,19,9,28,0.6786,1835,1474,12.893,newark-arts,SEC,0.6124,0.5506,0.5918
Salem,22,6,28,0.7857,1783,1422,12.893,salem-salem,Tri-County,0.4865,0.4853,0.4861
Wall,21,3,24,0.875,1350,1041,12.875,wall-wall,Shore,0.531,0.5552,0.539
Trenton,21,8,29,0.7241,1974,1608,12.621,trenton-trenton,CVC,0.58,0.5373,0.5658
Piscataway,23,8,31,0.7419,2230,1839,12.613,piscataway-piscataway,GMC,0.5865,0.5488,0.574
Metuchen,24,5,29,0.8276,1733,1375,12.345,metuchen-metuchen,GMC,0.5011,0.4978,0.5
East Brunswick,21,7,28,0.75,1884,1545,12.107,east-brunswick-east-brunswick,GMC,0.5504,0.5497,0.5501
Ocean City,26,6,32,0.8125,1804,1420,12.0,ocean-city-ocean-city,Cape-Atlantic,0.5106,0.5245,0.5152
Bayonne,21,7,28,0.75,1860,1527,11.893,bayonne-bayonne,HCIAL,0.5595,0.5419,0.5536
Teaneck,24,5,29,0.8276,2085,1745,11.724,teaneck-teaneck,Big North,0.5777,0.5577,0.571
Lenape,21,10,31,0.6774,1866,1503,11.71,medford-lenape,Olympic,0.5921,0.5429,0.5757
Union,22,5,27,0.8148,1536,1220,11.704,union-union,UCC,0.5631,0.556,0.5607
Pleasantville,15,12,27,0.5556,1602,1287,11.667,pleasantville-pleasantville,Cape-Atlantic,0.4793,0.5097,0.4895
Haddon Township,21,7,28,0.75,1483,1157,11.643,westmont-haddon-township,Colonial,0.4637,0.4859,0.4711
Holy Spirit,20,7,27,0.7407,1460,1147,11.593,absecon-holy-spirit,Cape-Atlantic,0.5638,0.5166,0.548
Tenafly,24,3,27,0.8889,1695,1386,11.444,tenafly-tenafly,Big North,0.5955,0.5493,0.5801
Ewing,19,9,28,0.6786,1709,1389,11.429,ewing-ewing,CVC,0.5046,0.5272,0.5121
Vineland,21,6,27,0.7778,1591,1284,11.37,vineland-vineland,Cape-Atlantic,0.5039,0.5055,0.5044
Belvidere,14,11,25,0.56,1483,1199,11.36,belvidere-belvidere,Skyland,0.4234,0.4349,0.4272
Fair Lawn,15,9,24,0.625,1474,1205,11.208,fair-lawn-fair-lawn,Big North,0.4997,0.5074,0.5023
Paterson Eastside,22,6,28,0.7857,1576,1266,11.071,paterson-paterson-eastside,Big North,0.4801,0.5463,0.5022
Bloomfield,19,9,28,0.6786,1697,1394,10.821,bloomfield-bloomfield,SEC,0.4949,0.5158,0.5018
Pequannock,22,7,29,0.7586,1734,1424,10.69,pompton-plains-pequannock,NJAC,0.4866,0.4941,0.4891
Madison,20,10,30,0.6667,1942,1623,10.633,madison-madison,NJAC,0.5326,0.5508,0.5387
Hillsborough,22,8,30,0.7333,1900,1584,10.533,hillsborough-hillsborough,Skyland,0.5664,0.5456,0.5595
Ramsey,23,9,32,0.7188,1925,1591,10.438,ramsey-ramsey,Big North,0.5656,0.5201,0.5505
Lower Cape May,23,6,29,0.7931,1614,1313,10.379,erma-lower-cape-may,Cape-Atlantic,0.4686,0.502,0.4797
Delaware Valley,20,9,29,0.6897,1785,1491,10.138,alexandria-delaware-valley,Skyland,0.5117,0.5239,0.5158
Overbrook,18,9,27,0.6667,1495,1222,10.111,pine-hill-overbrook,Tri-County,0.5508,0.5091,0.5369
Immaculata,21,7,28,0.75,1988,1715,9.75,somerville-immaculata,Skyland,0.5393,0.5523,0.5436
Ridgefield Park,25,5,30,0.8333,1770,1479,9.7,ridgefield-park-ridgefield-park,Big North,0.4695,0.5104,0.4832
Wildwood,13,13,26,0.5,1412,1160,9.692,wildwood-wildwood,Tri-County,0.4423,0.4642,0.4496
Montville,23,6,29,0.7931,1767,1498,9.276,montville-montville,NJAC,0.5822,0.5487,0.5711
Cranford,18,9,27,0.6667,1642,1396,9.111,cranford-cranford,UCC,0.5339,0.533,0.5336
Caldwell,18,9,27,0.6667,1467,1222,9.074,west-caldwell-caldwell,SEC,0.5193,0.5386,0.5258
Cherokee,19,11,30,0.6333,1473,1201,9.067,marlton-cherokee,Olympic,0.5261,0.5218,0.5247
Eastern,24,6,30,0.8,1770,1499,9.033,voorhees-eastern,Olympic,0.4851,0.5325,0.5009
St. Benedict's,18,8,26,0.6923,1642,1409,8.962,newark-st-benedicts,SEC,0.6194,0.5822,0.607
Perth Amboy,22,6,28,0.7857,1709,1460,8.893,perth-amboy-perth-amboy,GMC,0.5125,0.5217,0.5156
Bishop Eustace,22,9,31,0.7097,1798,1527,8.742,pennsauken-bishop-eustace,Olympic,0.5431,0.5588,0.5484
Jefferson,24,6,30,0.8,1773,1519,8.467,oak-ridge-jefferson,NJAC,0.4747,0.5179,0.4891
DePaul,19,9,28,0.6786,1714,1477,8.464,wayne-depaul,Big North,0.5008,0.5555,0.519
Wayne Valley,21,6,27,0.7778,1398,1170,8.444,wayne-wayne-valley,Big North,0.4999,0.5284,0.5094
Bridgewater-Raritan,18,9,27,0.6667,1608,1381,8.407,bridgewater-bridgewater-raritan,Skyland,0.5208,0.5473,0.5296
Wallkill Valley,18,10,28,0.6429,1772,1538,8.357,hamburg-wallkill-valley,NJAC,0.4676,0.4767,0.4707
Westwood,20,8,28,0.7143,1579,1346,8.321,washington-twp-westwood,Big North,0.5281,0.5074,0.5212
Cedar Creek,17,9,26,0.6538,1470,1254,8.308,egg-harbor-city-cedar-creek,Cape-Atlantic,0.5197,0.5027,0.514
Woodstown,17,12,29,0.5862,1677,1440,8.172,woodstown-woodstown,Tri-County,0.4549,0.4828,0.4642
Deptford,22,7,29,0.7586,1858,1626,8.0,deptford-deptford,Tri-County,0.5065,0.5154,0.5095
Camden,18,11,29,0.6207,1901,1670,7.966,camden-camden,Olympic,0.622,0.5547,0.5996
Mendham,20,9,29,0.6897,1517,1287,7.931,mendham-mendham,NJAC,0.5194,0.5386,0.5258
Shore,21,7,28,0.75,1594,1372,7.929,w-long-branch-shore,Shore,0.444,0.5001,0.4627
Elizabeth,16,11,27,0.5926,1719,1506,7.889,elizabeth-elizabeth,UCC,0.5659,0.5772,0.5696
Lyndhurst,21,10,31,0.6774,2106,1862,7.871,lyndhurst-lyndhurst,NJIC,0.579,0.5158,0.5579
Newark Collegiate,21,8,29,0.7241,1800,1574,7.793,newark-newark-collegiate,SEC,0.5612,0.5594,0.5606
Point Pleasant Beach,21,8,29,0.7241,1704,1478,7.793,pt-pleasant-bch-point-pleasant-beach,Shore,0.5288,0.5134,0.5237
Sayreville,17,11,28,0.6071,1903,1688,7.679,parlin-sayreville,GMC,0.5535,0.545,0.5507
Dwight-Englewood,18,10,28,0.6429,1843,1633,7.5,englewood-dwight-englewood,NJIC,0.5215,0.546,0.5296
Don Bosco Prep,16,13,29,0.5517,1773,1559,7.379,ramsey-don-bosco-prep,Big North,0.6909,0.5865,0.6561
Bound Brook,15,11,26,0.5769,1549,1358,7.346,bound-brook-bound-brook,Skyland,0.4474,0.4922,0.4623
Marlboro,21,6,27,0.7778,1661,1464,7.296,marlboro-marlboro,Shore,0.546,0.5357,0.5426
Cumberland,21,9,30,0.7,1723,1506,7.233,seabrook-cumberland,Tri-County,0.4804,0.4994,0.4867
Johnson,18,8,26,0.6923,1450,1262,7.231,clark-johnson,UCC,0.5177,0.5339,0.5231
Rumson-Fair Haven,21,9,30,0.7,1820,1610,7.0,rumson-rumson-fair-haven,Shore,0.5404,0.5635,0.5481
Middlesex,19,9,28,0.6786,1798,1604,6.929,middlesex-middlesex,GMC,0.4933,0.4864,0.491
Roselle Catholic,22,7,29,0.7586,1892,1693,6.862,roselle-roselle-catholic,UCC,0.6663,0.5977,0.6434
Westampton Tech,23,9,32,0.7188,1785,1567,6.812,westampton-westampton-tech,BCSL,0.5614,0.5158,0.5462
Colonia,21,11,32,0.6562,1817,1599,6.812,colonia-colonia,GMC,0.6355,0.5449,0.6053
Brick Memorial,15,11,26,0.5769,1345,1168,6.808,brick-brick-memorial,Shore,0.4677,0.4855,0.4737
Gloucester,19,9,28,0.6786,1431,1241,6.786,gloucester-city-gloucester,Colonial,0.4533,0.4903,0.4656
Hopewell Valley,18,7,25,0.72,1273,1104,6.76,pennington-hopewell-valley,CVC,0.4819,0.5004,0.4881
Glen Ridge,17,11,28,0.6071,1510,1321,6.75,glen-ridge-glen-ridge,SEC,0.4732,0.5103,0.4856
Red Bank Catholic,20,8,28,0.7143,1596,1410,6.643,red-bank-red-bank-catholic,Shore,0.5927,0.5412,0.5755
Warren Hills,20,6,26,0.7692,1603,1432,6.577,washington-warren-hills,Skyland,0.5127,0.5287,0.518
South Amboy,16,9,25,0.64,1432,1270,6.48,south-amboy-south-amboy,GMC,0.3738,0.4453,0.3976
Ocean Township,19,10,29,0.6552,1592,1407,6.379,oakhurst-ocean-township,Shore,0.5494,0.5079,0.5356
Morris Hills,17,10,27,0.6296,1308,1141,6.185,rockaway-morris-hills,NJAC,0.4629,0.5014,0.4757
Robbinsville,16,10,26,0.6154,1557,1397,6.154,robbinsville-robbinsville,CVC,0.4743,0.5017,0.4834
Nutley,17,10,27,0.6296,1552,1386,6.148,nutley-nutley,SEC,0.4862,0.471,0.4811
Hudson Catholic,16,10,26,0.6154,1469,1312,6.038,jersey-city-hudson-catholic,HCIAL,0.5658,0.5601,0.5639
North Star Academy,15,11,26,0.5769,1417,1261,6.0,newark-north-star-academy,SEC,0.5182,0.516,0.5175
BelovED Charter,14,12,26,0.5385,1330,1176,5.923,jersey-city-beloved-charter,HCIAL,0.4036,0.4781,0.4284
Penns Grove,17,12,29,0.5862,1579,1408,5.897,carneys-point-penns-grove,Tri-County,0.4819,0.4786,0.4808
Linden,19,10,29,0.6552,1698,1527,5.897,linden-linden,UCC,0.6392,0.5816,0.62
Demarest,18,10,28,0.6429,1696,1531,5.893,demarest-demarest,Big North,0.5672,0.5453,0.5599
Wayne Hills,14,14,28,0.5,1586,1424,5.786,wayne-wayne-hills,Big North,0.5544,0.5268,0.5452
North Arlington,18,8,26,0.6923,1444,1294,5.769,north-arlington-north-arlington,NJIC,0.4012,0.4636,0.422
Rutgers Prep,18,10,28,0.6429,2049,1888,5.75,somerset-rutgers-prep,Skyland,0.6287,0.5804,0.6126
Midland Park,18,10,28,0.6429,1636,1476,5.714,midland-park-midland-park,NJIC,0.4805,0.4764,0.4791
Monmouth,15,9,24,0.625,1314,1177,5.708,tinton-falls-monmouth,Shore,0.4758,0.4822,0.4779
Morristown-Beard,15,10,25,0.6,1534,1392,5.68,morristown-morristown-beard,NJAC,0.5745,0.5524,0.5671
Waldwick,21,10,31,0.6774,1811,1635,5.677,waldwick-waldwick,NJIC,0.5311,0.4904,0.5175
Park Ridge,18,9,27,0.6667,1461,1308,5.667,park-ridge-park-ridge,NJIC,0.4536,0.5039,0.4704
Northern Highlands,21,8,29,0.7241,1655,1493,5.586,allendale-northern-highlands,Big North,0.5883,0.5634,0.58
Weequahic,18,11,29,0.6207,1686,1526,5.517,newark-weequahic,SEC,0.4745,0.499,0.4826
Palmyra,21,8,29,0.7241,1671,1512,5.483,palmyra-palmyra,BCSL,0.4734,0.4736,0.4735
Williamstown,16,11,27,0.5926,1578,1430,5.481,williamstown-williamstown,Tri-County,0.5084,0.5025,0.5064
Union City,19,10,29,0.6552,1697,1539,5.448,union-city-union-city,HCIAL,0.5461,0.5314,0.5412
Summit,14,11,25,0.56,1289,1154,5.4,summit-summit,UCC,0.4908,0.5246,0.5021
Central Regional,16,10,26,0.6154,1328,1190,5.308,bayville-central-regional,Shore,0.4845,0.5037,0.4909
Point Pleasant Boro,17,10,27,0.6296,1586,1444,5.259,pt-pleasant-point-pleasant-boro,Shore,0.5091,0.5177,0.512
River Dell,16,11,27,0.5926,1647,1506,5.222,oradell-river-dell,Big North,0.5748,0.5214,0.557
South Plainfield,18,11,29,0.6207,1833,1684,5.138,so-plainfield-south-plainfield,GMC,0.5482,0.5351,0.5438
East Orange,18,13,31,0.5806,1888,1734,4.968,east-orange-east-orange,SEC,0.6058,0.5548,0.5888
Millville,16,10,26,0.6154,1199,1071,4.923,millville-millville,Cape-Atlantic,0.5104,0.491,0.5039
Ramapo,16,11,27,0.5926,1547,1418,4.778,franklin-lakes-ramapo,Big North,0.5486,0.5536,0.5503
Delbarton,16,10,26,0.6154,1565,1441,4.769,morristown-delbarton,NJAC,0.5707,0.5688,0.57
Hackensack,18,12,30,0.6,1817,1674,4.767,hackensack-hackensack,Big North,0.5821,0.5431,0.5691
Holmdel,16,8,24,0.6667,1349,1236,4.708,holmdel-holmdel,Shore,0.5486,0.5381,0.5451
Union Catholic,14,12,26,0.5385,1575,1454,4.654,scotch-plains-union-catholic,UCC,0.6195,0.5752,0.6047
Nottingham,16,11,27,0.5926,1474,1350,4.593,hamilton-nottingham,CVC,0.4443,0.487,0.4585
Columbia,19,11,30,0.6333,1588,1452,4.533,maplewood-columbia,SEC,0.5475,0.5304,0.5418
Howell,20,7,27,0.7407,1656,1535,4.481,farmingdale-howell,Shore,0.5269,0.5232,0.5256
Mahwah,14,14,28,0.5,1679,1555,4.429,mahwah-mahwah,Big North,0.5324,0.4858,0.5169
Roselle,13,12,25,0.52,1466,1356,4.4,roselle-roselle,UCC,0.5654,0.5533,0.5614
Lawrence,19,9,28,0.6786,1569,1447,4.357,lawrenceville-lawrence,CVC,0.5257,0.5206,0.524
Ridgewood,16,9,25,0.64,1358,1252,4.24,ridgewood-ridgewood,Big North,0.5472,0.5428,0.5457
Camden Catholic,16,11,27,0.5926,1528,1414,4.222,cherry-hill-camden-catholic,Olympic,0.5939,0.5599,0.5826
Pingry,13,10,23,0.5652,1385,1289,4.174,martinsville-pingry,Skyland,0.5677,0.5604,0.5653
Pinelands,16,9,25,0.64,1231,1128,4.12,tuckerton-pinelands,Shore,0.435,0.4755,0.4485
Verona,16,11,27,0.5926,1321,1211,4.074,verona-verona,SEC,0.4823,0.4972,0.4873
Manville,19,9,28,0.6786,1435,1321,4.071,manville-manville,Skyland,0.4505,0.486,0.4623
Freehold Township,15,11,26,0.5769,1529,1424,4.038,freehold-freehold-township,Shore,0.5611,0.5262,0.5495
Manasquan,16,10,26,0.6154,1207,1104,3.962,manasquan-manasquan,Shore,0.6269,0.5603,0.6047
Jackson Township,18,7,25,0.72,1365,1268,3.88,jackson-jackson-township,Shore,0.5165,0.5321,0.5217
St. Augustine,15,13,28,0.5357,1517,1411,3.786,richland-st-augustine,Cape-Atlantic,0.5512,0.5456,0.5493
Hopatcong,11,13,24,0.4583,1338,1248,3.75,hopatcong-hopatcong,NJAC,0.4341,0.4651,0.4444
Newark Tech,15,12,27,0.5556,1636,1535,3.741,newark-newark-tech,SEC,0.5635,0.5505,0.5592
Oratory,18,9,27,0.6667,1601,1500,3.741,summit-oratory,UCC,0.5488,0.5505,0.5493
Somerville,16,12,28,0.5714,1486,1384,3.643,somerville-somerville,Skyland,0.4986,0.5189,0.5054
Ranney,14,12,26,0.5385,1695,1604,3.5,tinton-falls-ranney,Shore,0.5802,0.5286,0.563
Pennsauken Tech,12,15,27,0.4444,1281,1187,3.481,pennsauken-pennsauken-tech,BCSL,0.4811,0.4513,0.4711
Dickinson,18,10,28,0.6429,1604,1508,3.429,jersey-city-dickinson,HCIAL,0.5249,0.5345,0.5281
Manchester Regional,13,13,26,0.5,1266,1177,3.423,haledon-manchester-regional,NJIC,0.4487,0.4944,0.4639
Burlington City,12,12,24,0.5,1284,1202,3.417,burlington-burlington-city,BCSL,0.4782,0.462,0.4728
Middle Township,18,12,30,0.6,1768,1671,3.233,cape-may-ct-hse-middle-township,Cape-Atlantic,0.6256,0.5527,0.6013
Montclair Kimberley,13,13,26,0.5,1421,1339,3.154,montclair-montclair-kimberley,SEC,0.5502,0.5167,0.539
Indian Hills,14,13,27,0.5185,1528,1443,3.148,oakland-indian-hills,Big North,0.5141,0.4987,0.509
Dwight-Morrow,10,13,23,0.4348,1516,1444,3.13,englewood-dwight-morrow,Big North,0.5027,0.5227,0.5093
Ferris,15,10,25,0.6,1242,1164,3.12,jersey-city-ferris,HCIAL,0.5384,0.4993,0.5254
Ridge,15,13,28,0.5357,1527,1441,3.071,basking-ridge-ridge,Skyland,0.557,0.5475,0.5539
Cedar Grove,16,11,27,0.5926,1518,1437,3.0,cedar-grove-cedar-grove,SEC,0.4909,0.475,0.4856
Spotswood,15,11,26,0.5769,1685,1608,2.962,spotswood-spotswood,GMC,0.4934,0.4839,0.4902
Mount Olive,17,10,27,0.6296,1504,1426,2.889,flanders-mount-olive,NJAC,0.4968,0.4993,0.4976
Montclair,19,10,29,0.6552,1756,1675,2.793,montclair-montclair,SEC,0.5831,0.5431,0.5698
Parsippany Hills,15,11,26,0.5769,1438,1367,2.731,morris-plains-parsippany-hills,NJAC,0.4751,0.4775,0.4759
South Brunswick,15,10,25,0.6,1372,1304,2.72,monmouth-jct-south-brunswick,GMC,0.491,0.5156,0.4992
Hammonton,13,13,26,0.5,1407,1337,2.692,hammonton-hammonton,Cape-Atlantic,0.4816,0.4837,0.4823
Dumont,13,13,26,0.5,1451,1383,2.615,dumont-dumont,Big North,0.5555,0.5092,0.5401
Southern,12,13,25,0.48,1472,1410,2.48,manahawkin-southern,Shore,0.568,0.5163,0.5508
Colts Neck,13,13,26,0.5,1292,1228,2.462,colts-neck-colts-neck,Shore,0.5275,0.5267,0.5272
Toms River South,16,13,29,0.5517,1472,1403,2.379,toms-river-toms-river-south,Shore,0.4655,0.4865,0.4725
Delsea,17,12,29,0.5862,1451,1385,2.276,franklinville-delsea,Tri-County,0.5549,0.5097,0.5399
Morristown,15,12,27,0.5556,1534,1474,2.222,morristown-morristown,NJAC,0.5029,0.5102,0.5053
Hawthorne,13,13,26,0.5,1328,1272,2.154,hawthorne-hawthorne,NJIC,0.4694,0.5008,0.4798
Shawnee,17,9,26,0.6538,1124,1068,2.154,medford-shawnee,Olympic,0.5396,0.5348,0.538
West Orange,15,13,28,0.5357,1609,1550,2.107,west-orange-west-orange,SEC,0.541,0.5308,0.5376
Paterson Charter,13,11,24,0.5417,1323,1273,2.083,paterson-paterson-charter,NJIC,0.4949,0.5118,0.5006
KIPP Cooper Norcross Academy,17,10,27,0.6296,1287,1236,1.889,camden-kipp-cooper-norcross-academy,BCSL,0.5013,0.5033,0.502
Edison,13,14,27,0.4815,1769,1720,1.815,edison-edison,GMC,0.4756,0.4906,0.4806
Lenape Valley,14,12,26,0.5385,1376,1329,1.808,stanhope-lenape-valley,NJAC,0.4215,0.461,0.4347
Palisades Park,16,9,25,0.64,1327,1283,1.76,palisades-park-palisades-park,NJIC,0.4091,0.4603,0.4262
Piscataway Magnet,18,8,26,0.6923,1492,1450,1.615,piscataway-piscataway-tech,GMC,0.4428,0.4612,0.4489
Bard,11,14,25,0.44,1206,1167,1.56,newark-bard,SEC,0.391,0.4765,0.4195
Dayton,13,14,27,0.4815,1486,1445,1.519,springfield-dayton,UCC,0.4883,0.4912,0.4893
Northern Burlington,17,12,29,0.5862,1588,1544,1.517,columbus-northern-burlington,BCSL,0.4361,0.5046,0.4589
Camden Eastside,13,12,25,0.52,1420,1387,1.32,camden-woodrow-wilson,Olympic,0.5803,0.5335,0.5647
Elmwood Park,13,11,24,0.5417,1365,1334,1.292,elmwood-park-elmwood-park,NJIC,0.5005,0.4733,0.4915
Delran,14,11,25,0.56,1257,1227,1.2,delran-delran,BCSL,0.4392,0.4685,0.449
Becton,13,14,27,0.4815,1532,1502,1.111,east-rutherford-becton,NJIC,0.4882,0.4624,0.4796
Gateway,14,13,27,0.5185,1275,1250,0.926,woodbury-hts-gateway,Colonial,0.3619,0.4548,0.3928
Toms River East,13,13,26,0.5,1395,1373,0.846,toms-river-toms-river-east,Shore,0.4711,0.4938,0.4786
Atlantic City,20,10,30,0.6667,1766,1741,0.833,atlantic-city-atlantic-city,Cape-Atlantic,0.6175,0.556,0.597
Cliffside Park,13,14,27,0.4815,1605,1584,0.778,cliffside-park-cliffside-park,Big North,0.4855,0.5189,0.4966
Middletown South,17,12,29,0.5862,1750,1728,0.759,middletown-middletown-south,Shore,0.5328,0.5291,0.5316
Hackettstown,15,13,28,0.5357,1439,1418,0.75,hackettstown-hackettstown,NJAC,0.5493,0.5102,0.5363
Secaucus,15,5,20,0.75,1112,1098,0.7,secaucus-secaucus,NJIC,0.4468,0.4696,0.4544
Kingsway,17,11,28,0.6071,1507,1488,0.679,woolwich-twp-kingsway,Tri-County,0.5733,0.5338,0.5601
Burlington Township,14,13,27,0.5185,1469,1459,0.37,burlington-twp-burlington-township,BCSL,0.5346,0.5157,0.5283
Winslow,14,12,26,0.5385,1501,1497,0.154,atco-winslow,Olympic,0.554,0.5428,0.5503
Bridgeton,13,12,25,0.52,1355,1353,0.08,bridgeton-bridgeton,Cape-Atlantic,0.4718,0.4849,0.4761
New Egypt,15,15,30,0.5,1509,1510,-0.033,new-egypt-new-egypt,Shore,0.5092,0.4777,0.4987
Glen Rock,16,12,28,0.5714,1281,1284,-0.107,glen-rock-glen-rock,NJIC,0.5824,0.5106,0.5585
Rutherford,13,16,29,0.4483,1587,1593,-0.207,rutherford-rutherford,NJIC,0.4606,0.4979,0.473
Carteret,9,15,24,0.375,1310,1316,-0.25,carteret-carteret,GMC,0.4938,0.5085,0.4987
Haddon Heights,13,15,28,0.4643,1327,1336,-0.321,haddon-heights-haddon-heights,Colonial,0.4912,0.4983,0.4935
Scotch Plains-Fanwood,13,14,27,0.4815,1390,1400,-0.37,scotch-plains-scotch-plains-fanwood,UCC,0.5728,0.567,0.5709
Old Tappan,13,14,27,0.4815,1477,1488,-0.407,old-tappan-old-tappan,Big North,0.5634,0.5399,0.5556
Mainland,11,16,27,0.4074,1341,1352,-0.407,linwood-mainland,Cape-Atlantic,0.4985,0.5099,0.5023
Hillside,13,15,28,0.4643,1530,1542,-0.429,hillside-hillside,UCC,0.495,0.5296,0.5065
North Plainfield,14,13,27,0.5185,1591,1603,-0.444,no-plainfield-north-plainfield,GMC,0.5241,0.5014,0.5166
Saddle Brook,12,13,25,0.48,1410,1422,-0.48,saddle-brook-saddle-brook,NJIC,0.4748,0.4642,0.4713
McNair,12,15,27,0.4444,1395,1411,-0.593,jersey-city-mcnair,HCIAL,0.4295,0.506,0.455
Seneca,12,14,26,0.4615,1447,1464,-0.654,tabernacle-seneca,Olympic,0.5742,0.5333,0.5606
Iselin Kennedy,11,13,24,0.4583,1412,1428,-0.667,iselin-iselin-kennedy,GMC,0.5073,0.477,0.4972
Audubon,14,14,28,0.5,1243,1265,-0.786,audubon-audubon,Colonial,0.5013,0.492,0.4982
Livingston,15,13,28,0.5357,1324,1346,-0.786,livingston-livingston,SEC,0.5472,0.5244,0.5396
Randolph,14,13,27,0.5185,1369,1393,-0.889,randolph-randolph,NJAC,0.5168,0.5018,0.5118
Gloucester Tech,12,15,27,0.4444,1584,1608,-0.889,sewell-gloucester-tech,Tri-County,0.4595,0.4847,0.4679
Bergen Tech,11,14,25,0.44,1337,1360,-0.92,hackensack-bergen-tech,Big North,0.4202,0.5177,0.4527
Wood-Ridge,13,14,27,0.4815,1528,1555,-1.0,wood-ridge-wood-ridge,NJIC,0.4221,0.468,0.4374
St. Joseph (Hamm.),9,15,24,0.375,1258,1290,-1.333,hammonton-st-joseph-hamm,Cape-Atlantic,0.4914,0.5159,0.4996
Timber Creek,14,13,27,0.5185,1532,1571,-1.444,erial-timber-creek,Tri-County,0.5691,0.5336,0.5573
Egg Harbor,10,16,26,0.3846,1239,1277,-1.462,egg-harbor-twp-egg-harbor,Cape-Atlantic,0.4802,0.4966,0.4856
Rancocas Valley,15,14,29,0.5172,1517,1563,-1.586,mount-holly-rancocas-valley,Olympic,0.5326,0.5356,0.5336
Paterson Kennedy,9,14,23,0.3913,1289,1327,-1.652,paterson-paterson-kennedy,Big North,0.5443,0.5082,0.5323
Pitman,11,16,27,0.4074,1298,1345,-1.741,pitman-pitman,Tri-County,0.4559,0.453,0.4549
Vernon,12,12,24,0.5,1190,1232,-1.75,vernon-vernon,NJAC,0.5349,0.4872,0.519
Newark Academy,14,14,28,0.5,1390,1439,-1.75,livingston-newark-academy,SEC,0.5226,0.5158,0.5203
Washington Township,11,16,27,0.4074,1376,1428,-1.926,sewell-washington-township,Tri-County,0.519,0.4962,0.5114
Raritan,11,14,25,0.44,1343,1392,-1.96,hazlet-raritan,Shore,0.4281,0.4738,0.4433
New Milford,11,15,26,0.4231,1364,1415,-1.962,new-milford-new-milford,NJIC,0.4556,0.4736,0.4616
Irvington,10,16,26,0.3846,1513,1565,-2.0,irvington-irvington,SEC,0.454,0.5291,0.479
Moorestown,11,16,27,0.4074,1274,1329,-2.037,moorestown-moorestown,Olympic,0.5712,0.5312,0.5579
Manalapan,13,15,28,0.4643,1698,1756,-2.071,manalapan-manalapan,Shore,0.4882,0.5067,0.4944
Lincoln,10,12,22,0.4545,1057,1104,-2.136,jersey-city-lincoln,HCIAL,0.4819,0.5096,0.4912
Brick Township,11,15,26,0.4231,1279,1336,-2.192,brick-brick-township,Shore,0.4733,0.4727,0.4731
Glassboro,9,16,25,0.36,1398,1453,-2.2,glassboro-glassboro,Tri-County,0.4853,0.4701,0.4802
Memorial,13,14,27,0.4815,1455,1516,-2.259,west-new-york-memorial,HCIAL,0.5353,0.5253,0.532
J.P. Stevens,12,16,28,0.4286,1612,1679,-2.393,edison-jp-stevens,GMC,0.5029,0.4991,0.5016
East Brunswick Magnet,11,14,25,0.44,1370,1432,-2.48,east-brunswick-east-brunswick-tech,GMC,0.4102,0.4396,0.42
West Side,11,14,25,0.44,1506,1569,-2.52,newark-west-side,SEC,0.5041,0.538,0.5154
North Warren,13,11,24,0.5417,1048,1109,-2.542,blairstown-north-warren,NJAC,0.3599,0.4423,0.3873
Morris Knolls,12,15,27,0.4444,1387,1459,-2.667,rockaway-morris-knolls,NJAC,0.5914,0.5189,0.5672
North Bergen,11,16,27,0.4074,1398,1471,-2.704,north-bergen-north-bergen,HCIAL,0.5393,0.5251,0.5346
Gov. Livingston,10,16,26,0.3846,1409,1480,-2.731,berkeley-hts-gov-livingston,UCC,0.5168,0.5273,0.5203
Whippany Park,10,16,26,0.3846,1302,1374,-2.769,whippany-whippany-park,NJAC,0.444,0.4782,0.4554
Payne Tech,9,13,22,0.4091,1383,1446,-2.864,newark-payne-tech,SEC,0.602,0.5702,0.5914
Sterling,10,18,28,0.3571,1395,1476,-2.893,somerdale-sterling,Colonial,0.557,0.4965,0.5368
Paramus,11,17,28,0.3929,1439,1522,-2.964,paramus-paramus,Big North,0.4754,0.5205,0.4904
Toms River North,9,18,27,0.3333,1493,1575,-3.037,toms-river-toms-river-north,Shore,0.5185,0.5,0.5124
Bordentown,9,17,26,0.3462,1242,1324,-3.154,bordentown-bordentown,BCSL,0.5205,0.4949,0.512
Florence,8,16,24,0.3333,1234,1310,-3.167,florence-florence,BCSL,0.4331,0.4684,0.4449
St. Thomas Aquinas,12,15,27,0.4444,1525,1611,-3.185,edison-st-thomas-aquinas-formerly-bishop-ahr,GMC,0.5841,0.5632,0.5772
Allentown,11,15,26,0.4231,1550,1633,-3.192,allentown-allentown,CVC,0.4629,0.5005,0.4754
Newton,8,17,25,0.32,1207,1287,-3.2,newton-newton,NJAC,0.4209,0.4502,0.4307
Voorhees,11,15,26,0.4231,1300,1384,-3.231,glen-gardner-voorhees,Skyland,0.4916,0.501,0.4948
Wallington,13,15,28,0.4643,1571,1671,-3.571,wallington-wallington,NJIC,0.4331,0.4538,0.44
Matawan,11,14,25,0.44,1141,1233,-3.68,aberdeen-matawan,Shore,0.5058,0.501,0.5042
Passaic,11,15,26,0.4231,1282,1380,-3.769,passaic-passaic,Big North,0.5283,0.5247,0.5271
Pennsauken,12,16,28,0.4286,1287,1393,-3.786,pennsauken-pennsauken,BCSL,0.4686,0.5009,0.4794
Woodbury,13,16,29,0.4483,1504,1617,-3.897,woodbury-woodbury,Colonial,0.5763,0.5181,0.5569
North Hunterdon,9,15,24,0.375,1282,1377,-3.958,annandale-north-hunterdon,Skyland,0.5306,0.5217,0.5276
Pope John,8,17,25,0.32,1232,1333,-4.04,sparta-pope-john,NJAC,0.5187,0.4862,0.5079
Red Bank Regional,11,16,27,0.4074,1372,1482,-4.074,little-silver-red-bank-regional,Shore,0.5628,0.5278,0.5512
West Caldwell Tech,12,14,26,0.4615,1441,1547,-4.077,west-caldwell-west-caldwell-tech,SEC,0.4313,0.4977,0.4534
Hunterdon Central,12,16,28,0.4286,1552,1669,-4.179,flemington-hunterdon-central,Skyland,0.5409,0.5469,0.5429
West Essex,9,17,26,0.3462,1333,1443,-4.231,north-caldwell-west-essex,SEC,0.5189,0.5055,0.5144
Leonia,10,14,24,0.4167,1190,1292,-4.25,leonia-leonia,NJIC,0.4183,0.4588,0.4318
Paulsboro,11,14,25,0.44,1308,1415,-4.28,paulsboro-paulsboro,Colonial,0.4699,0.493,0.4776
Barringer,11,17,28,0.3929,1422,1542,-4.286,newark-barringer,SEC,0.382,0.4719,0.4119
Keansburg,14,11,25,0.56,1401,1510,-4.36,keansburg-keansburg,Shore,0.4153,0.4709,0.4338
Hasbrouck Heights,6,17,23,0.2609,1128,1229,-4.391,hasbrouck-hts-hasbrouck-heights,NJIC,0.4571,0.4546,0.4563
Bernards,9,17,26,0.3462,1330,1445,-4.423,bernardsville-bernards,Skyland,0.5428,0.5037,0.5298
Gloucester Catholic,10,17,27,0.3704,1384,1508,-4.593,gloucester-city-gloucester-catholic,Tri-County,0.5214,0.5009,0.5146
Keyport,10,15,25,0.4,1320,1435,-4.6,keyport-keyport,Shore,0.4654,0.4596,0.4635
Hamilton West,7,19,26,0.2692,1245,1365,-4.615,hamilton-hamilton-west,CVC,0.5172,0.4959,0.5101
Boonton,11,15,26,0.4231,1210,1333,-4.731,boonton-boonton,NJAC,0.4348,0.453,0.4408
Donovan Catholic,7,17,24,0.2917,1342,1457,-4.792,toms-river-donovan-catholic,Shore,0.4925,0.5055,0.4968
Riverside,12,15,27,0.4444,1337,1467,-4.815,riverside-riverside,BCSL,0.3741,0.4614,0.4032
Clearview,10,18,28,0.3571,1858,1996,-4.929,mullica-hill-clearview,Tri-County,0.5484,0.5091,0.5353
Sparta,9,16,25,0.36,1365,1491,-5.04,sparta-sparta,NJAC,0.5709,0.5236,0.5551
St. John Vianney,7,20,27,0.2593,1393,1532,-5.148,holmdel-st-john-vianney,Shore,0.5501,0.5258,0.542
Highland,6,21,27,0.2222,1391,1532,-5.222,blackwood-highland,Tri-County,0.4281,0.4935,0.4499
Wildwood Catholic,7,19,26,0.2692,1263,1399,-5.231,n-wildwood-wildwood-catholic,Cape-Atlantic,0.4758,0.5079,0.4865
Princeton,9,16,25,0.36,1157,1288,-5.24,princeton-princeton,CVC,0.5266,0.4911,0.5148
Snyder,7,18,25,0.28,1250,1386,-5.44,jersey-city-snyder,HCIAL,0.5497,0.5231,0.5408
University,10,15,25,0.4,1291,1432,-5.64,newark-university,SEC,0.3721,0.4798,0.408
Clayton,8,17,25,0.32,1836,1977,-5.64,clayton-clayton,Tri-County,0.4217,0.4576,0.4337
Barnegat,10,13,23,0.4348,1048,1178,-5.652,barnegat-barnegat,Shore,0.3946,0.483,0.424
Triton,10,17,27,0.3704,1370,1523,-5.667,runnemede-triton,Tri-County,0.4459,0.4912,0.461
Oakcrest,8,17,25,0.32,1300,1442,-5.68,mays-landing-oakcrest,Cape-Atlantic,0.4436,0.4917,0.4596
South Hunterdon,10,16,26,0.3846,1367,1515,-5.692,lambertville-south-hunterdon,Skyland,0.4727,0.4815,0.4756
Kearny,12,15,27,0.4444,1196,1350,-5.704,kearny-kearny,HCIAL,0.5046,0.4911,0.5001
Franklin,10,16,26,0.3846,1568,1721,-5.885,somerset-franklin,Skyland,0.5742,0.5574,0.5686
Hightstown,11,16,27,0.4074,1510,1669,-5.889,hightstown-hightstown,CVC,0.5129,0.5048,0.5102
Middletown North,8,19,27,0.2963,1477,1636,-5.889,middletown-middletown-north,Shore,0.5392,0.5101,0.5295
Princeton Day,7,14,21,0.3333,965,1091,-6.0,princeton-princeton-day,CVC,0.4731,0.502,0.4827
Lindenwold,6,16,22,0.2727,1008,1145,-6.227,lindenwold-lindenwold,Colonial,0.4176,0.461,0.4321
Cherry Hill West,7,19,26,0.2692,1301,1466,-6.346,cherry-hill-cherry-hill-west,Olympic,0.5343,0.512,0.5268
Westfield,9,19,28,0.3214,1442,1620,-6.357,westfield-westfield,UCC,0.6131,0.5543,0.5935
Old Bridge,9,17,26,0.3462,1572,1738,-6.385,matawan-old-bridge,GMC,0.5127,0.536,0.5205
Highland Park,6,19,25,0.24,1273,1437,-6.56,highland-park-highland-park,GMC,0.4197,0.4395,0.4263
Willingboro,7,15,22,0.3182,1110,1257,-6.682,willingboro-willingboro,BCSL,0.5585,0.4749,0.5306
Weehawken,5,15,20,0.25,1020,1157,-6.85,weehawken-weehawken,NJIC,0.4824,0.4886,0.4845
Lakeland,11,16,27,0.4074,1248,1434,-6.889,wanaque-lakeland,Big North,0.4469,0.4868,0.4602
St. Rose,7,21,28,0.25,1421,1618,-7.036,belmar-st-rose,Shore,0.5966,0.5409,0.578
Hoboken,7,15,22,0.3182,1193,1348,-7.045,hoboken-hoboken,HCIAL,0.5001,0.5168,0.5057
Somerset Tech,9,17,26,0.3462,1421,1605,-7.077,bridgewater-somerset-tech,GMC,0.3864,0.4228,0.3985
Neptune,8,14,22,0.3636,950,1111,-7.318,neptune-neptune,Shore,0.463,0.479,0.4683
Newark Lab,8,18,26,0.3077,1325,1522,-7.577,newark-newark-lab,SEC,0.4893,0.4657,0.4814
Steinert,9,17,26,0.3462,1198,1398,-7.692,hamilton-steinert,CVC,0.4179,0.467,0.4343
New Brunswick,6,19,25,0.24,1062,1256,-7.76,new-brunswick-new-brunswick,GMC,0.3941,0.453,0.4137
Pascack Valley,14,15,29,0.4828,1434,1660,-7.793,hillsdale-pascack-valley,Big North,0.5375,0.5388,0.5379
Newark East Side,6,17,23,0.2609,1146,1326,-7.826,newark-newark-east-side,SEC,0.5598,0.4992,0.5396
High Point,8,16,24,0.3333,1135,1324,-7.875,sussex-high-point,NJAC,0.4668,0.4651,0.4662
Phillipsburg,7,16,23,0.3043,1143,1325,-7.913,phillipsburg-phillipsburg,Skyland,0.605,0.5566,0.5889
Clifton,5,21,26,0.1923,1281,1488,-7.962,clifton-clifton,Big North,0.4881,0.4984,0.4915
Watchung Hills,6,17,23,0.2609,1290,1474,-8.0,warren-watchung-hills,Skyland,0.5764,0.54,0.5643
Notre Dame,7,22,29,0.2414,1459,1692,-8.034,lawrenceville-notre-dame,CVC,0.5366,0.5135,0.5289
Passaic Valley,8,18,26,0.3077,1291,1500,-8.038,little-falls-passaic-valley,Big North,0.4717,0.4969,0.4801
Dunellen,11,15,26,0.4231,1280,1493,-8.192,dunellen-dunellen,GMC,0.46,0.4511,0.457
Perth Amboy Magnet,10,12,22,0.4545,864,1045,-8.227,perth-amboy-perth-amboy-tech,GMC,0.411,0.4474,0.4231
Schalick,9,13,22,0.4091,1086,1276,-8.636,pittsgrove-schalick,Tri-County,0.3364,0.441,0.3713
Pascack Hills,8,17,25,0.32,1270,1488,-8.72,montvale-pascack-hills,Big North,0.5124,0.5149,0.5132
Harrison,6,17,23,0.2609,1214,1419,-8.913,harrison-harrison,NJIC,0.435,0.451,0.4403
West Windsor-Plainsboro North,7,16,23,0.3043,1039,1245,-8.957,plainsboro-west-windsor-plainsboro-north,CVC,0.4665,0.4899,0.4743
Technology,6,19,25,0.24,1122,1347,-9.0,newark-technology,SEC,0.3707,0.4445,0.3953
Fort Lee,10,18,28,0.3571,1383,1639,-9.143,fort-lee-fort-lee,Big North,0.4662,0.4934,0.4753
New Providence,8,18,26,0.3077,1318,1561,-9.346,new-providence-new-providence,UCC,0.6015,0.5157,0.5729
Calvary Christian (Old Bridge),7,17,24,0.2917,1104,1330,-9.417,old-bridge-calvary-christian-old-bridge,GMC,0.4327,0.4396,0.435
Golda Och,6,8,14,0.4286,587,720,-9.5,west-orange-golda-och,SEC,0.3702,0.4439,0.3948
Lodi,5,19,24,0.2083,1139,1370,-9.625,lodi-lodi,NJIC,0.4368,0.4655,0.4464
Kinnelon,8,17,25,0.32,1193,1437,-9.76,kinnelon-kinnelon,NJAC,0.4096,0.4582,0.4258
West Deptford,8,20,28,0.2857,1138,1413,-9.821,westville-west-deptford,Colonial,0.4383,0.4535,0.4434
Freehold Borough,7,17,24,0.2917,1245,1485,-10.0,freehold-freehold-borough,Shore,0.4377,0.4989,0.4581
Bogota,8,17,25,0.32,1326,1578,-10.08,bogota-bogota,NJIC,0.4273,0.4774,0.444
Pompton Lakes,4,20,24,0.1667,1098,1340,-10.083,pompton-lakes-pompton-lakes,NJIC,0.4471,0.4492,0.4478
Roselle Park,7,18,25,0.28,1235,1489,-10.16,roselle-park-roselle-park,UCC,0.5727,0.4714,0.5389
Science Park,6,20,26,0.2308,1301,1572,-10.423,newark-science-park,SEC,0.5076,0.4749,0.4967
North Brunswick,7,19,26,0.2692,1360,1638,-10.692,north-brunswick-north-brunswick,GMC,0.4786,0.4957,0.4843
Timothy Christian,8,19,27,0.2963,1437,1729,-10.815,piscataway-timothy-christian,GMC,0.4791,0.4826,0.4802
South River,6,19,25,0.24,1278,1549,-10.84,south-river-south-river,GMC,0.448,0.4392,0.445
Kittatinny,6,19,25,0.24,1258,1529,-10.84,newton-kittatinny,NJAC,0.4049,0.4403,0.4167
Wardlaw-Hartridge,4,15,19,0.2105,817,1023,-10.842,edison-wardlaw-hartridge,GMC,0.3834,0.428,0.3982
West Milford,6,20,26,0.2308,1329,1619,-11.154,west-milford-west-milford,Big North,0.5301,0.4941,0.5181
Woodbridge,6,16,22,0.2727,1245,1507,-11.909,woodbridge-woodbridge,GMC,0.5407,0.5207,0.534
Roxbury,4,20,24,0.1667,1146,1433,-11.958,succasunna-roxbury,NJAC,0.4936,0.4988,0.4953
Garfield,6,18,24,0.25,1238,1525,-11.958,garfield-garfield,NJIC,0.4207,0.4785,0.44
Orange,4,19,23,0.1739,1203,1479,-12.0,orange-orange,SEC,0.5537,0.5334,0.547
Monroe,8,19,27,0.2963,1306,1634,-12.148,monroe-twp-monroe,GMC,0.4784,0.5044,0.4871
Eastern Christian,7,16,23,0.3043,937,1221,-12.348,north-haledon-eastern-christian,NJIC,0.3767,0.4639,0.4058
Morris Tech,8,18,26,0.3077,1023,1346,-12.423,denville-morris-tech,NJAC,0.3904,0.4533,0.4114
West Morris,5,21,26,0.1923,1405,1732,-12.577,chester-west-morris,NJAC,0.5568,0.5211,0.5449
Medford Tech,5,22,27,0.1852,1129,1470,-12.63,medford-medford-tech,BCSL,0.5326,0.5071,0.5241
Moorestown Friends,5,18,23,0.2174,1032,1328,-12.87,moorestown-moorestown-friends,BCSL,0.4385,0.4688,0.4486
Passaic Tech,5,20,25,0.2,1052,1374,-12.88,wayne-passaic-tech,Big North,0.5128,0.5098,0.5118
Hanover Park,7,19,26,0.2692,1381,1719,-13.0,east-hanover-hanover-park,NJAC,0.5783,0.5058,0.5541
Long Branch,4,19,23,0.1739,921,1220,-13.0,long-branch-long-branch,Shore,0.4742,0.4784,0.4756
Brearley,7,14,21,0.3333,1006,1281,-13.095,kenilworth-brearley,UCC,0.4905,0.4856,0.4889
Rahway,3,21,24,0.125,1131,1451,-13.333,rahway-rahway,UCC,0.555,0.5169,0.5423
Paramus Catholic,8,19,27,0.2963,1398,1760,-13.407,paramus-paramus-catholic,Big North,0.6661,0.5859,0.6393
Dover,4,21,25,0.16,1122,1471,-13.96,dover-dover,NJAC,0.4432,0.4567,0.4477
Mountain Lakes,7,18,25,0.28,1062,1421,-14.36,mountain-lakes-mountain-lakes,NJAC,0.533,0.4834,0.5165
West Windsor-Plainsboro South,4,21,25,0.16,1139,1499,-14.4,princeton-jct-west-windsor-plainsboro-south,CVC,0.4397,0.484,0.4544
Absegami,5,20,25,0.2,1202,1564,-14.48,galloway-absegami,Cape-Atlantic,0.5054,0.4831,0.498
Manchester Township,5,19,24,0.2083,1087,1475,-16.167,manchester-manchester-township,Shore,0.4141,0.4706,0.4329
St. Joseph (Mont.),5,19,24,0.2083,1154,1549,-16.458,montvale-st-joseph-mont,Big North,0.6128,0.5653,0.597
Saddle River Day,1,22,23,0.0435,872,1267,-17.174,saddle-river-saddle-river-day,NJIC,0.5436,0.488,0.5251
Butler,2,22,24,0.0833,974,1388,-17.25,butler-butler,NJIC,0.466,0.4355,0.4558
Sussex Tech,3,19,22,0.1364,915,1295,-17.273,sparta-sussex-tech,NJAC,0.3796,0.4233,0.3942
Cinnaminson,8,18,26,0.3077,1113,1576,-17.808,cinnaminson-cinnaminson,BCSL,0.4734,0.5033,0.4833
Hawthorne Christian,0,22,22,0.0,1028,1426,-18.091,hawthorne-hawthorne-christian,NJIC,0.4961,0.4513,0.4812
Atlantic Tech,1,24,25,0.04,972,1442,-18.8,mays-landing-atlantic-tech,Cape-Atlantic,0.4844,0.4885,0.4858
College Achieve Central,3,21,24,0.125,989,1454,-19.375,plainfield-college-achieve-central-charter,Skyland,0.5055,0.4702,0.4937
Belleville,1,23,24,0.0417,999,1472,-19.708,belleville-belleville,SEC,0.4957,0.4868,0.4927
Bergenfield,4,22,26,0.1538,1204,1720,-19.846,bergenfield-bergenfield,Big North,0.5186,0.498,0.5117
Lacey,4,18,22,0.1818,928,1365,-19.864,lanoka-harbor-lacey,Shore,0.4848,0.4627,0.4775
Asbury Park,0,14,14,0.0,581,865,-20.286,asbury-park-asbury-park,Shore,0.4172,0.4509,0.4284
Collingswood,1,26,27,0.037,1004,1557,-20.481,collingswood-collingswood,Colonial,0.4576,0.4536,0.4562
Newark Central,4,22,26,0.1538,1136,1669,-20.5,newark-newark-central,SEC,0.5103,0.5061,0.5089
Eagle Academy,2,18,20,0.1,649,1093,-22.2,newark-eagle-academy,SEC,0.4498,0.429,0.4428
Lakewood,2,20,22,0.0909,795,1292,-22.591,lakewood-lakewood,Shore,0.4347,0.4536,0.441
Maple Shade,3,23,26,0.1154,938,1545,-23.346,maple-shade-maple-shade,BCSL,0.4061,0.4503,0.4209
Pemberton,2,25,27,0.0741,1054,1699,-23.889,pemberton-pemberton,BCSL,0.4934,0.4953,0.494
Salem Tech,2,19,21,0.0952,741,1249,-24.19,woodstown-salem-tech,Tri-County,0.3831,0.4288,0.3983
Cape May Tech,2,20,22,0.0909,755,1339,-26.545,cape-may-ct-hse-cape-may-tech,Cape-Atlantic,0.4491,0.4422,0.4468
Ridgefield,1,23,24,0.0417,799,1488,-28.708,ridgefield-ridgefield,NJIC,0.5171,0.479,0.5044
University Charter,2,16,18,0.1111,588,1120,-29.556,jersey-city-university-charter,HCIAL,0.4036,0.4465,0.4179
Pennsville,3,20,23,0.1304,723,1472,-32.565,pennsville-pennsville,Tri-County,0.3959,0.4427,0.4115
Buena,2,21,23,0.087,724,1519,-34.565,buena-buena,Cape-Atlantic,0.4324,0.4428,0.4358
